{"cameraMode":{"drawMode":0,"name":"Shaded","section":"Shading Mode"},"sceneLighting":false,"audioPlay":false,"sceneViewState":{"m_AlwaysRefresh":false,"showFog":true,"showSkybox":true,"showFlares":true,"showImageEffects":true,"showParticleSystems":true,"showVisualEffectGraphs":true,"m_FxEnabled":true},"in2DMode":false,"pivot":{"x":23.881561279296876,"y":-0.3389625549316406,"z":16.413284301757814},"rotation":{"x":-0.002603532513603568,"y":0.990753173828125,"z":-0.13457076251506806,"w":-0.01932702027261257},"size":36.9527587890625,"orthographic":false}