{"cameraMode":{"drawMode":0,"name":"Shaded","section":"Shading Mode"},"sceneLighting":false,"audioPlay":false,"sceneViewState":{"m_AlwaysRefresh":false,"showFog":true,"showSkybox":true,"showFlares":true,"showImageEffects":true,"showParticleSystems":true,"showVisualEffectGraphs":true,"m_FxEnabled":true},"in2DMode":false,"pivot":{"x":40.336997985839847,"y":-11.890682220458985,"z":7.682534217834473},"rotation":{"x":-0.01802344247698784,"y":0.958107590675354,"z":-0.27914366126060488,"w":-0.06188578903675079},"size":20.787872314453126,"orthographic":false}