{"cameraMode":{"drawMode":0,"name":"Shaded","section":"Shading Mode"},"sceneLighting":true,"audioPlay":false,"sceneViewState":{"m_AlwaysRefresh":false,"showFog":true,"showSkybox":true,"showFlares":true,"showImageEffects":true,"showParticleSystems":true,"showVisualEffectGraphs":true,"m_FxEnabled":true},"in2DMode":false,"pivot":{"x":21.906522750854493,"y":11.656882286071778,"z":72.47799682617188},"rotation":{"x":-0.0022093087900429966,"y":-0.9942697882652283,"z":0.1062881201505661,"w":-0.01877417042851448},"size":4.875650882720947,"orthographic":false}